<?xml version="1.0" encoding="UTF-8"?>
<project-private xmlns="http://www.netbeans.org/ns/project-private/1">
    <editor-bookmarks xmlns="http://www.netbeans.org/ns/editor-bookmarks/2" lastBookmarkId="0"/>
    <open-files xmlns="http://www.netbeans.org/ns/projectui-open-files/2">
        <group>
            <file>file:/C:/Users/tadiw/OneDrive%20-%20Tshwane%20University%20of%20Technology/Java3/Account/test/test/TestAccounts.java</file>
            <file>file:/C:/Users/tadiw/OneDrive%20-%20Tshwane%20University%20of%20Technology/Java3/Account/src/oop/inheritance/exercise2/bankAccount/BankAccount/BankAccount.java</file>
            <file>file:/C:/Users/tadiw/OneDrive%20-%20Tshwane%20University%20of%20Technology/Java3/Account/src/oop/inheritance/exercise2/clothingaccount/ClothingAccount/ClothingAccount.java</file>
        </group>
    </open-files>
</project-private>
