<?xml version="1.0" encoding="UTF-8"?>
<project-private xmlns="http://www.netbeans.org/ns/project-private/1">
    <editor-bookmarks xmlns="http://www.netbeans.org/ns/editor-bookmarks/2" lastBookmarkId="0"/>
    <open-files xmlns="http://www.netbeans.org/ns/projectui-open-files/2">
        <group>
            <file>file:/D:/My%20Documents/NetBeansProjects/ShowComposition/src/oop/composition/student/Student.java</file>
            <file>file:/D:/My%20Documents/NetBeansProjects/ShowComposition/src/oop/composition/employee/Employee.java</file>
            <file>file:/D:/My%20Documents/NetBeansProjects/ShowComposition/src/showcomposition/ShowComposition.java</file>
            <file>file:/D:/My%20Documents/NetBeansProjects/ShowComposition/src/oop/composition/date/Date.java</file>
        </group>
    </open-files>
</project-private>
